{"Linear Regression": 1.882673001641995, "Random Forest": 0.1409852787715197, "Decision Tree": 4.56972471558976e-14, "Gradient Boosting": 0.2707070949540743, "XGBRegressor": 0.05032072742327684, "CatBoosting Regressor": 0.45779258478730384, "AdaBoost Regressor": 1.7518210136609298}