{"Linear Regression": 0.8966390937076089, "Random Forest": 0.99482840797658, "Decision Tree": 1.0, "Gradient Boosting": 0.9973766325304052, "XGBRegressor": 0.9998598539311309, "CatBoosting Regressor": 0.9916452159855723, "AdaBoost Regressor": 0.9409379399050083}